gamingstarr,fdadefb6-6473-4d43-9a75-e290a60fbd35
infernally,b984854b-5049-4972-afbe-5d3c5855e7fe
jibstrux,8b136e69-adc4-4967-a57f-7d99151c07b9
aethema,4ddb517d-84d5-4bd1-aea0-5437a35bd0f9
vall0ws,3c53f306-3500-41ba-a3b7-f82f740163ac
shara0401,57df9b30-0694-45c7-82d6-906e122891d1
shooken,a939cb12-1d34-4fec-8687-bf976aa40de2
shakescrafty,a106f058-a6df-4537-bf12-1af79dc8e430
snsteph,b3b6d5de-c920-4e74-8ba4-ae21a5c1beb6
twinslo,42ade20c-bc8e-48f5-b333-8efaa61d45e2
hectorelpro6463,32b4ef4f-9ed8-4aab-8522-18045e1d8798
superlunar,fc65d83d-eaba-4487-a857-c6e523eff5df
mranu,f145aa2f-aac9-46a4-84d3-bbdb313f4968
jibscar,dacf182c-1d03-4868-a710-558985cfc15e
seabeast7068155,0adad110-f458-4af6-867a-8a0a5a0bf72b
iisums09,b2f69ea4-673d-42e0-bc5a-668cc27c0fd5
qghostly,95ac919e-baa3-48b7-88d6-c45aec3c2ad0
oopsieee_,5e8c5547-9db7-4ed0-a66e-5ec11b15b97e
beboplays,094182b9-00e3-47e0-a673-4dc4e206f905
benetolos,dea69693-b92d-43b6-9916-ff4ee6a64495
jester946,cd78d59e-6295-4b2c-94f7-79064ae6cf9e
homelikelama64,07192bfd-10a3-45a6-beec-161c8a740f15
qhaapad,670ba102-8d74-42c7-a170-6bf0888ca60e
defone,d4252acb-8199-49a6-aa39-e9785993f784
bllossem,054d000b-29b8-41a3-aabf-42b853e59f2d
noncoolguy1,29dbc404-844c-4cd4-ba66-7cea4183effb
toying_1,7a6400c8-2c0d-49e3-b30d-38f8aaeecf84
caplann,0d63a19a-9af7-4e7e-a21e-4138fae2635b
standen05,b87ac17a-3a06-451a-8cdb-780051413c30
dolphinavenger,fc213dd1-55ed-4ad6-8df1-89aef8799417
maxiich01,c1638465-606f-423b-be6e-60004fc13b54
lollogara,884f9639-3d88-499e-9aaa-a2ec60ca05a2
rekt_dj,57f5699d-df25-4df4-aac3-405eb6177e6a
hobbes81,3bc1f180-779a-4154-b90c-d934666ddd84
itsnitrotiger,37573b71-9fda-486d-9e37-b8f1f931193f
kf1387,c67f9e26-810b-42c0-91ac-9212731cf64a
speedysandro,83ebce7a-8a45-4afc-acd1-4bb1aedfbccb
egyptiancow,455aff37-4ca4-471d-902a-dcf939550f95
huzaifabeast,0ffadfa3-1511-4f7f-8cf1-bd7152cd4b43
__owlgod__,a4fcd35d-6614-42e7-9505-8d8854b59c2e
sir_epke,92dbb1c8-e3a6-4543-8097-3873c15ef086
noahkup,c8fbbcdf-2224-4db6-bd97-fcdbfeda8647
szicor,1a638578-8f21-46ca-9e8a-d3232b7795fb
grover_u,30e5fa79-5b0a-40ca-b1dc-231ddb622a08
eueyj,92402f67-1896-42b2-bb7f-f6256f25a501
mrdoors,17d8d859-d1e9-41e2-af74-fba9ea650f1b
savagetaiga,eac8a720-0249-4072-a971-b35d9707e25f
defara,109befac-8ed9-41f2-bfd0-8815672a78ac
ogarfield,eb716400-fedb-49ba-8224-4800dcf9a042
7ing,32fbf256-dde1-4067-bc47-17256509e172
iigirts,7d1f0414-91d5-4110-a7e0-4d0bec9c0501
pikemanisnotme,0d780de8-995f-4fc9-b680-2f476e4db404
kaizo,c6af1373-2a8c-4fe0-bc8d-8028d99ef32e
ninjaisaac04,02de03b5-4901-4143-8e62-fc4f58b1e72d
aironbajron,110b5609-9516-4be2-8fbb-657cfe8e74e7
s0upy__,d76acc78-3bb9-4b03-b2e0-3e3e68456e14
worldwartwo,523abac7-d802-4784-a2a7-6fb3aae233eb
lillycharlotte,56263287-144b-42c0-839b-0192300d42fb
shnark_,f921af17-cd9e-4b14-a0ce-99f82e3dedf6
mryeet__,814bec2b-6c03-4b61-96cc-0ed61789a874
bluccino,8b3cb26a-1625-43d8-b323-03a8738f5a5f
bestnicknamever,b9dbb616-88d3-47f5-95ca-5d0647717152
distopher,3bc0fff5-35f7-420e-b3d6-e57152437ae6
fruitran,9014f599-ecea-4e3a-93e1-152812ffb703
nylite,dcff21ea-f59f-4ea7-a307-56d8204ce067
weakify,40c6cc4d-1ae2-4bd4-8014-19b16778f7f7
chalupa_games,1ec28775-1d69-4168-97f9-b8f8f9b9d135
katoneimoidia,da4e2704-10cc-420a-9185-a29aa622923d
shwabb,08ab8703-fb3a-41d5-8b4d-a91a681f66ee
samanthas1911,b57dbc51-57e1-4112-901a-b7a991985cca
2aftw,fe976052-faf8-439b-8cec-cc85390dbc6e
_skooter_,8e0b3810-1b31-40b6-a2d1-7c8518f957b9
quig,15f154be-c576-4244-9ab2-86a4e92fa2d6
ubhi,5563bbc7-efb6-4fd9-8404-2a83f0354d5b
tigerg2017,697948dd-a797-495b-8127-7c848fca36ac
fatahbisa,889812bb-8343-47c9-9c8f-92bc64a8c8bf
smhtony,8b72b004-ad76-42dd-be94-ddc492728781
wumbounderscore,fc6034be-479e-4d6e-be0f-55158c75122b
weltherrschaft,63aa4994-b190-47a3-abfe-a11dd70492ca
squishable,ddc6f0f8-a3bb-4a64-8933-4e9f0c3ad22f
jonnyzistic,3029c5a5-9050-4118-960c-a6d835e4aaf3
conpro24,1deec86d-0f63-4694-a2e3-5b565c083275
fizzyisbusy,e66fc821-0bf5-45dd-a2dd-6e40d76c0a19
ziyadstormyt,a8c2b4b7-4f2e-48d0-9981-cfa62f77cbab
alllahu_akbar,3feb7c45-e949-429e-975c-0b47cdabe5a0
ebugzx,ebbb0876-a53d-4420-8e22-6352b56cebdf
dlstant,6170e37c-43a2-4acf-b236-79ba10310794
sweatgod,e009ceb9-1984-4978-aa8e-246125ce4abd
thepoggest,f25fbc64-f691-45c5-9db7-4de87bec6378
_lizena_,a3f1facb-9b5e-4a53-a0e2-4501146b2d18
ofercuz,6eb3cb95-64ef-4797-8f6e-5bc2f2b39a58
vibingmoment,ce82207a-78d9-49cd-ad74-0aeffbae6b35
invictable,120a6ace-db7e-4774-9738-a76469f5f0a7
lovelicot,533d9029-a127-4016-a56b-f225d9a0f31a
unbottledrage,84d9edf2-bd87-4eea-b05e-951411b309f3
theterminatork,887e2589-977c-45ac-8253-92633191b3d9
clickinqranger,3fe27e20-8ac5-4e6b-889c-23d001eb014d
luislolz,39c54fb2-eca5-4da0-a10e-915e6462a3f1
xxphilliplamxx,76eeba65-d22d-4aeb-b6e1-d257148a02c7
2alovespizza,fe976052-faf8-439b-8cec-cc85390dbc6e
jlobudder,d9daa545-30df-41d3-a122-15920d834be5
stachu2173,3b824797-c04c-4483-8060-5a2abf0246e6
nebulabc,8fd1ea99-dff7-4398-ab21-903da7a085f4
robotami,84c9c215-d9e3-46bd-a58c-0e4b4c003294
j4c0bsn31l,a460763f-b576-433b-bb3a-8a1035a0ae4c
jackietheidiot,992dcc60-1a3d-4a28-914f-82eba7143160
pikachu,7f4d50b1-37d2-482f-b981-c21619b8d628
kbduck,d208d9d1-7e97-4eed-80a3-07e06a64f1b5
peterpanfan16,65120a2c-c367-48d6-a47b-42f3f5a56f5d
lumier,63d9d7b2-a917-4a34-bd2c-14a816213393
eli_isveryfat,2ea34ee9-6117-443e-8cb4-1de20dddc9c0
seniormarigold,9136fda5-13e6-4cd0-8043-b26f5822fd88
rackals,e2f69d3e-e11d-4870-81b6-08ed6bdf09c0
whatrthose408,27019d3a-361c-41d0-9f24-4405eedf03d3
axetime74,7de27696-0d59-4c46-9633-334e5b8fbad6
ukulelegirl111,b3702a16-f7ed-4b27-bed4-8d585ccf60e6
ilxfd,df283937-1d91-4049-872e-0d67c561d577
manwithraft,04af1177-2242-4ef0-b0d3-cb675a05340a
kirbeecharacter,d2bc99d7-e20a-4a9a-9c83-499554e28a89
pomchu,21ec8575-1c3b-4b99-85c7-55351bf41207
veryevilsanta,e70c93eb-7ebe-4f5d-a251-17316e86a7a8
ifoundxan,f1674c3d-12aa-47e4-861b-49f17fc5c4b3
devilkitty0227,bb72d7c8-5397-46fc-9c00-2fc5634ea653
finlaypacks,cd7d1f16-a6df-49cb-b095-51dd3a7f82d9
unpossible_,d42194e4-f78c-4737-be65-d8eb52eaa572
deltric,84e65040-a443-428e-8942-7686b0bd360d
mrmemethegoat,8b12361b-938d-49b1-b277-5f1fe802d8da
rhythmcent,270f4afb-6dfa-489e-a890-c236b80954ce
spacedestroyersh,a64607a8-c25d-4aeb-a459-706a0f19cf94
tyzxd,57472104-7f47-4cc2-bf67-421980ad9e78
yellowchickens,d46f50db-3dba-46f4-9451-636358002dcb
rowlet,ffdc6737-22cf-4b17-b239-9e77d693ddbb
splaat,767478d1-7d01-49fb-91cc-ab1dc924408a
skins08,fcedb50c-c4b7-492b-9b16-5fc2a60b9aa5
phalipsio,d4964ae9-840e-4979-bf0a-bab08c07ccba
vortexthedragon,52e6ddc8-85f5-4ee9-a55a-e56f50807cd1
zyphalopagus,06fb78c3-b17d-49fd-8b9e-75996b0b10ee
salbon,5646213d-27be-486b-9a31-da1d076915a9
mantyme,45b06467-7270-41a7-8873-cde5aceaadfd
keanoes,d904ad7e-60e7-4e21-bd4e-c64173e9ce44
natrix739,ec249ca7-ece7-4467-8c37-fb513100b0e6
jthalotime,08c2f0b9-15a6-4259-af98-6666b1461cad
tatertot5,bde3a510-c6ba-4d1d-9f49-98be433df160
luc_knight,4f87df5e-3d6d-4f00-be56-c2e3858c3175
marcelc1009,75e3fe08-46ce-43a3-bd97-2bb7028b1089
gigistar123334,a15e6013-0903-4d6f-83ea-d28999b33df1
ifoundtheonlyxan,f1674c3d-12aa-47e4-861b-49f17fc5c4b3
phxebe,d5dcb621-68b5-4ec1-b322-a81c2c78621d
wbd,12ab3160-9861-4810-ba48-31cfb2bf1d7e
shadowbeast7575,fa30226d-bc6b-4835-b5af-49e795a978c0
tobylalala,e992de66-8a0f-40d2-9cce-135c25bc3d67
lukedoesgamez,84b8a987-bef6-49e8-b160-9d1b2c31183d
kingdoggogod,79b86128-c275-4456-84d6-f80d91ba0e64
yeahgaming,08ab8703-fb3a-41d5-8b4d-a91a681f66ee
ogsi3pp3n,4bc12e4f-a9cb-4eb9-aedf-2e41b830ee79
0x5_,d208d9d1-7e97-4eed-80a3-07e06a64f1b5
faire1,cc261409-1742-4d71-aa70-ccb629d693b5
noth0tdog,98bb8344-cb34-45aa-be41-5bb9867847a1
urmum7,b7bea81c-6b61-4237-92f4-fe68bd2843fe
cienc,b92e2e59-deac-4cfe-848b-bde56b32eeb0
acidicblitzz,df53a74e-9635-4987-98d1-24ce0a8f34a4
rilly,1f682fc9-cca5-4c4c-869c-786b137380c1
unchargeableness,e70c93eb-7ebe-4f5d-a251-17316e86a7a8
smartson,b5e10c2a-a910-4ab3-84d6-de4683d20c88
lunkaimekk,4a7759d2-4f14-40f0-ae28-10947dce9ecd
1616161660,5b0491fb-e16d-45af-8c86-939ca8dc36f5
itz0ni,5147cf29-8c93-4704-b765-30a2060aee8c
masterblast5,7da54c20-aaa1-433a-b198-9a8f47133c04
sinisterspore31,614f30e1-93e3-48df-bf86-577012eacb3b
specularpotato,ca6f7b3a-3e0f-4b4a-8e06-d8be7914ed80
thatbatgaming,344a610e-7432-45f9-ba67-7aa419240284
griskungen1,75f2e781-d74f-4980-b379-29deb623ea3a
watermalonefan9,d3a5a1ea-7f8b-49dc-b353-b31731d1e6ee
toriwipp,5d2c75d3-f9b9-4d03-aad8-c3c966812620
imashira,d85236d2-f4fb-4b22-8d49-32fdc975a842
pvpus,2a8b65eb-8d40-414d-b063-ed7cbcade766
chioemarie7,b4271657-2ec3-408d-95c3-77efab24f223
mayberry15,1cad43bc-c0f4-41a5-9872-36b8e29a7a83
majolner71,b59e2603-8dd0-4cf3-89a8-ac0ba7b7add1
cinika1,5cb720f1-7bb6-4625-a9f8-498886a91903
zombiewarlord_,1921694f-a177-47d5-a1a2-5ad8efc2174b
danyelus,46a2d81d-a427-4b75-add4-958a8abbb809
_phoenic,e6e1a347-59e0-4171-92cc-be7606b3cbf4
disisaperson,c9d98a86-dfd0-4430-9431-25e2dc4fc573
kaiaktw,36e6e19e-3136-4f46-90cd-0d2c8925a1a2
djlko,fba8f1f5-ca21-4d04-8140-9375dbc5706e
bebonketh,65120a2c-c367-48d6-a47b-42f3f5a56f5d
bitsquidds_maid,614f30e1-93e3-48df-bf86-577012eacb3b
picktick457,30ea0d32-c982-4bac-b982-db8868d9f351
wadis,e8f3ed14-1b66-4f50-abf9-6e31debdd2c6
deadfishy0013,5f0ceb5c-0914-4d94-a990-3f807f070aa2
sherae,8d4417a2-2d78-45de-896a-b3cdc81f443e
5izzler,e3fdbe83-a7c5-4091-a631-aa14ca6207e3
zeltraks,f10c4ccf-99b2-4224-9884-759fcdcfa18c
hajerxbee,9ea7bb23-52fc-482d-ba9f-a89bbbdb931b
galo223344,379c757d-428d-445d-aaff-708715799d08
luckygoofyboy,b1671280-dc2b-4ea6-a7bf-8d1bd577251f
blwoomi,f6cc4e6a-6839-4a3e-b6c2-6417c6d7be0f
musical_doge,fad96202-e443-4539-9afd-7418e8570a07
dag1ngerviking_,7de27696-0d59-4c46-9633-334e5b8fbad6
itrulymystic,24000375-ac94-40b9-801e-31827d641836
nitro2989,f806c3df-38f0-4957-904e-94a5260c16ce
spookyispog,e7471417-767c-4e6e-a51a-291913be474b
braincrashed,36e6e19e-3136-4f46-90cd-0d2c8925a1a2
kenne432,80eb609d-8bbb-4164-b3d1-92fe01e94c63
owlmanmc,e1ba2110-12a2-4cb2-aace-c385a367835d
_darkwarrior_,ce8249a3-6040-4a03-a4a8-129a9ea4569c
endaelive,694597af-da7d-4f5e-87ae-1acd04cc9f0f
kingkaso,cc1b86e2-606f-4ec0-b338-0b6a85afdec4
typicwolf3629,3e008f65-0648-40bd-8212-03b133269320
nicoplaysthings,b82549da-28b0-4fb3-b7b7-26125d770e86
boxoffun2020,5e43dc14-37e7-4a1a-89c1-4f537ac40baf
wiebit,aa521228-69e0-4ed1-95c9-084718885297
2askillissue,fe976052-faf8-439b-8cec-cc85390dbc6e
moogothacksnow,b963aa2a-169a-40af-9d1e-1ef9524f46fc
honey_goat,6ee3b8ec-0c8d-46e8-8cf1-24a88f07854c
m0f,b191dbfd-b6fe-4669-a948-c0398ef08a7d
fndp,cf0089a7-a954-40b9-8096-ae7bb5852887
tucd_,35b90c44-88bc-4810-9f77-14803e111a99
itztutlzlol,d1608e3f-4b7d-47f0-9795-3da4a4ea5b81
glacierstudios,20a38a8d-a667-469c-8777-07f86d2ac4f9
7moo,076f456c-8c2a-4d83-8f03-bfacc4177d99
flicker78,04cca822-5f32-42b8-958e-ef2501ba6430
1eaf,1fd3b48a-1944-4804-a977-0471a5bb0494
catgomoww,3c3636a3-30a0-4967-9ee8-55afadb95924
fleeingcomb2243,a7ee6b84-cd7e-4335-b1a9-f92b86220013
hariator,6dc54817-1baf-4092-81a2-9ed142474db0
neelani,1acc7383-954b-481a-9389-d73c20efc494
2athevoid,fe976052-faf8-439b-8cec-cc85390dbc6e
iggy_tea,60ae8bf0-fd15-4acc-863a-0b45c5e0a5c3
sinpasteles874,a027f763-4560-49c4-bdc9-e720885b2c83
ronan_00,da2ac632-84f9-468a-b3db-cfc661d90262
celestialshima,ddc36f3a-3917-4ebb-85a4-555a69d9cd33
_decan,5a16f718-25cf-4f82-9bfe-b23f09b2137d
mathfactsfun,3068ecf6-d6df-4621-92f0-196a206e28f7
iceable,50ea03c5-cc9a-423b-a111-0ebadab0e6e2
chocosammii,9fabdd33-cb30-448c-875b-c2e8af423002
vallows,87d89de6-d4cf-4372-81f5-11bfe342b5be
jackbbfan,3a726b04-91d9-41f6-baad-2dca7c869184
trixxo,19abc35b-36e2-4244-b05d-4fa1f5cc6ba7
queensnitch,db0a1c23-37bb-4d3d-8a97-2b3aa5eb54f0
adamlxd420,9ad29359-bc67-4a21-be89-cdc0b39e3c23
lynxerror,5b26a89c-11ab-46bf-906e-87f8fff8429d
hannahxxrose,5237b4b7-5eed-421d-a43f-0e4968e69207
panify,fb1b8bff-ec1b-45d9-a01d-96f4d4a47536
w0lly1,ef45908f-2211-4917-bd6c-5a7dc120696e
muhammadazri_id,b6448ed5-f96c-4708-a9dc-d204f11b24a9
benkar14,24457b4f-bc68-4161-914d-9d6a7cac9837
lotusbees,9ea7bb23-52fc-482d-ba9f-a89bbbdb931b
darkwarrior53,ce8249a3-6040-4a03-a4a8-129a9ea4569c
tower,28655168-f88d-4999-aef2-92ad83dbe3df
2aishere,fe976052-faf8-439b-8cec-cc85390dbc6e
all,2576b041-2329-4256-90ba-e4650989c489
imjustmelo,f1e47f01-0c1a-44f4-85a7-177484fb3e9a
mark3s,91ad8770-0e7d-4422-94fc-509075e11aa5
ilycringe,56c836af-e542-4f18-a9b2-fc27299a2816
bruno__gamer,219ade63-a4dc-4bfd-acda-2e79a80ab5cb
pandoes_,22040d5a-c15b-45ce-b46f-3d0dc4f3e582
_askht_,bffbd81f-ce41-4fad-a184-ba205dfe8143
lifelessnerd,0068d9ff-46fa-4aae-8bcf-86a215cd4264
epsilon5381,525544a6-6f9e-4911-a4ab-7af4c99b032d
moonchld_ii,355d676d-d5fd-4242-a726-804d28ba1be2
rattleboness,040a2bb4-2e51-4db2-be6f-c11db037199e
anqzhell,677fb953-8c02-4a77-8b9c-2ddebf2ff165
jarbisflareon,55d84da7-9952-4a33-8677-0f4e67710f80
theguy4,67b2d3d5-930e-4226-b102-c48e1904dd30
ayamenakmen21,5722364a-ef04-4abe-8205-2cbbf15d73eb
jdawesome23,57d2608e-b2db-4a47-94a6-02565d5a9a1a
christinengo,645701d1-6923-4fd0-8894-794a18784d3e
superman100,bbd553c8-585f-449c-b5c4-4990c39b66f2
the_great_raptor,b71ae542-d31e-4537-a9c9-b6ec6a74c607
carvhes,d5997185-df76-4c7d-9a81-d3602f86c3e3
shinysammy,46a55e83-8783-49b1-971e-eaf6e2e6ec01
banaenaewrapper,ccf573ae-b1d1-4c58-ad49-1ef6a9064f7f
luckydoggo_,b1671280-dc2b-4ea6-a7bf-8d1bd577251f
korahaha,18705c17-e632-41e6-8722-637559b91fd2
aquabee_,97687700-3faa-4700-adcd-b569a406ee08
legendns,ac844df1-e207-4492-8bef-143dae8cdc98
chargedx,a8ee53d4-0116-476f-a043-8a4eb040cf87
nisika,b92e2e59-deac-4cfe-848b-bde56b32eeb0
miyunori_,23508e56-a638-4b00-a3c9-5c4e70c70ae1
stepanjbc,6a11ab62-c0cf-4710-b1ca-1ffa4bfd05ee
patlikehat,1f4eba59-54a6-42cd-9f81-8de8344212e3
yogitommymc,f16af4ca-a5df-4b72-8c5c-5cfde8c60e5d
flamify,d409f7a2-a344-49f3-8b7d-5a6891d52b89
jaz2k,9d4071ce-b760-4bcb-99c6-c2bedf68d389
jibah_,dfafb730-833e-42a6-b1be-47ab77b628f3
blo00m_fan,614f30e1-93e3-48df-bf86-577012eacb3b
fight_and_build,c1b274a8-35e1-4cb7-96ae-999747e7d306
inpsec,95575a25-dd03-4484-870b-5de4d1658053
vixti,4150defb-932c-4e66-9b6c-e18055527865
toffeeanddreams,654d7e80-3d37-4ff2-ae7c-f2f4c20d8caf
xbudgie,0da85608-299d-4bb9-b5ef-4bcf086ae270
lilly_21357,dcb9ef22-f4a9-4547-9276-bdecb9d410e7
snow_fox_xd,aaa71c44-43d1-4b22-8921-7ffff27bf6a0
notwtap,5dc65c68-2e8c-49a9-ab38-af7f142f46b5
witchess,a5b7eccd-1955-44da-81ca-b97c05d032fd
wolfyeplayz,65b36eef-439b-4271-acbb-97e592100c30
warsheep4,49ad2d3f-bec4-46bc-9521-25b53a2b789d
imguydieguito,ca116813-ca47-4891-8c2e-0865078d48b5
enchantedwaffle,85210ebd-963e-4b1c-b66f-6cb43a711f2c
adonis2,852b8cc0-44c4-4b57-baec-305a4b1c9269
countgangrene,6f5a5547-2a4a-43ff-bb06-9f19ca650b55
dylbram,72bb6f92-b354-4f52-9c6c-5b289488558c
hugga51,7522fd93-6087-4092-9c84-843ae56f5813
